{"$schema":"http://schema.management.azure.com/schemas/2015-01-01/deploymentTemplate.json#","contentVersion":"1.0.0.0","parameters":{"factoryName":{"type":"string","metadata":"Data Factory name"},"ls_ablob_covidreportingsalong":{"type":"string"},"ls_adls_covidreportingdllong":{"type":"string"}},"variables":{"factoryId":"[concat('Microsoft.DataFactory/factories/', parameters('factoryName'))]"},"resources":[{"name":"[concat(parameters('factoryName'), '/pl_ingest_population_data')]","type":"Microsoft.DataFactory/factories/pipelines","apiVersion":"2018-06-01","properties":{"activities":[{"name":"Check if file exists","type":"Validation","dependsOn":[],"userProperties":[],"typeProperties":{"dataset":{"referenceName":"ds_population_raw_gz","type":"DatasetReference","parameters":{}},"timeout":"0.00:02:00","sleep":20,"minimumSize":1024}},{"name":"Get File Metadata","type":"GetMetadata","dependsOn":[{"activity":"Check if file exists","dependencyConditions":["Succeeded"]}],"policy":{"timeout":"7.00:00:00","retry":0,"retryIntervalInSeconds":30,"secureOutput":false,"secureInput":false},"userProperties":[],"typeProperties":{"dataset":{"referenceName":"ds_population_raw_gz","type":"DatasetReference","parameters":{}},"fieldList":["columnCount","size","exists"],"storeSettings":{"type":"AzureBlobStorageReadSettings","enablePartitionDiscovery":false},"formatSettings":{"type":"DelimitedTextReadSettings"}}},{"name":"If Column Count Matches","type":"IfCondition","dependsOn":[{"activity":"Get File Metadata","dependencyConditions":["Succeeded"]}],"userProperties":[],"typeProperties":{"expression":{"value":"@equals(activity('Get File Metadata').output.columnCount, 13)","type":"Expression"},"ifTrueActivities":[{"name":"Copy Population Data","type":"Copy","dependsOn":[],"policy":{"timeout":"0.00:05:00","retry":0,"retryIntervalInSeconds":30,"secureOutput":false,"secureInput":false},"userProperties":[],"typeProperties":{"source":{"type":"DelimitedTextSource","storeSettings":{"type":"AzureBlobStorageReadSettings","recursive":true,"enablePartitionDiscovery":false},"formatSettings":{"type":"DelimitedTextReadSettings"}},"sink":{"type":"DelimitedTextSink","storeSettings":{"type":"AzureBlobFSWriteSettings"},"formatSettings":{"type":"DelimitedTextWriteSettings","quoteAllText":true,"fileExtension":".txt"}},"enableStaging":false,"translator":{"type":"TabularTranslator","typeConversion":true,"typeConversionSettings":{"allowDataTruncation":true,"treatBooleanAsNumber":false}}},"inputs":[{"referenceName":"ds_population_raw_gz","type":"DatasetReference","parameters":{}}],"outputs":[{"referenceName":"ds_population_raw_tsv","type":"DatasetReference","parameters":{}}]}]}}],"concurrency":1,"policy":{"elapsedTimeMetric":{},"cancelAfter":{}},"annotations":[]},"dependsOn":["[concat(variables('factoryId'), '/datasets/ds_population_raw_gz')]","[concat(variables('factoryId'), '/datasets/ds_population_raw_tsv')]"]},{"name":"[concat(parameters('factoryName'), '/ds_population_raw_gz')]","type":"Microsoft.DataFactory/factories/datasets","apiVersion":"2018-06-01","properties":{"linkedServiceName":{"referenceName":"[parameters('ls_ablob_covidreportingsalong')]","type":"LinkedServiceReference"},"annotations":[],"type":"DelimitedText","typeProperties":{"location":{"type":"AzureBlobStorageLocation","fileName":"population_by_age.tsv.gz","container":"population"},"columnDelimiter":"\t","compressionCodec":"gzip","compressionLevel":"Optimal","escapeChar":"\\","firstRowAsHeader":true,"quoteChar":"\""},"schema":[]},"dependsOn":[]},{"name":"[concat(parameters('factoryName'), '/ds_population_raw_tsv')]","type":"Microsoft.DataFactory/factories/datasets","apiVersion":"2018-06-01","properties":{"linkedServiceName":{"referenceName":"[parameters('ls_adls_covidreportingdllong')]","type":"LinkedServiceReference"},"annotations":[],"type":"DelimitedText","typeProperties":{"location":{"type":"AzureBlobFSLocation","fileName":"population_by_age.tsv","folderPath":"population","fileSystem":"raw"},"columnDelimiter":"\t","escapeChar":"\\","firstRowAsHeader":true,"quoteChar":"\""},"schema":[]},"dependsOn":[]}]}